Workbook
Name Slicer_Month: #N/A
Name Slicer_Region: #N/A

Sheet Input Data
A1: DATE | B1: CUSTOMER NAME | C1: PRODUCT | D1: UNIT PRICE ($) | E1: QUANTITY | F1: Actual | G1: Country | H1: Region | I1: Month | J1: Week
A2: 44197 | B2: Customer33 | C2: Product24 | D2: 156.96 | E2: 9 | F2: =InputData[[#This Row],[UNIT PRICE ($)]]*InputData[[#This Row],[QUANTITY]] -> 1412.64 | G2: =VLOOKUP(InputData[[#This Row],[CUSTOMER NAME]],Country[#All],2,0) -> India | H2: =VLOOKUP(InputData[[#This Row],[CUSTOMER NAME]],Country[#All],3,0) -> Western | I2: =TEXT(InputData[[#This Row],[DATE]],"MMM") -> Jan | J2: =WEEKNUM(InputData[[#This Row],[DATE]]) -> 1
A3: 44197 | B3: Customer29 | C3: Product22 | D3: 141.57 | E3: 1 | F3: =InputData[[#This Row],[UNIT PRICE ($)]]*InputData[[#This Row],[QUANTITY]] -> 141.57 | G3: =VLOOKUP(InputData[[#This Row],[CUSTOMER NAME]],Country[#All],2,0) -> India | H3: =VLOOKUP(InputData[[#This Row],[CUSTOMER NAME]],Country[#All],3,0) -> South | I3: =TEXT(InputData[[#This Row],[DATE]],"MMM") -> Jan | J3: =WEEKNUM(InputData[[#This Row],[DATE]]) -> 1
A4: 44198 | B4: Customer31 | C4: Product38 | D4: 79.92 | E4: 15 | F4: =InputData[[#This Row],[UNIT PRICE ($)]]*InputData[[#This Row],[QUANTITY]] -> 1198.8 | G4: =VLOOKUP(InputData[[#This Row],[CUSTOMER NAME]],Country[#All],2,0) -> India | H4: =VLOOKUP(InputData[[#This Row],[CUSTOMER NAME]],Country[#All],3,0) -> North | I4: =TEXT(InputData[[#This Row],[DATE]],"MMM") -> Jan | J4: =WEEKNUM(InputData[[#This Row],[DATE]]) -> 1
A5: 44198 | B5: Customer03 | C5: Product33 | D5: 119.7 | E5: 1 | F5: =InputData[[#This Row],[UNIT PRICE ($)]]*InputData[[#This Row],[QUANTITY]] -> 119.7 | G5: =VLOOKUP(InputData[[#This Row],[CUSTOMER NAME]],Country[#All],2,0) -> India | H5: =VLOOKUP(InputData[[#This Row],[CUSTOMER NAME]],Country[#All],3,0) -> Northeast | I5: =TEXT(InputData[[#This Row],[DATE]],"MMM") -> Jan | J5: =WEEKNUM(InputData[[#This Row],[DATE]]) -> 1
A6: 44198 | B6: Customer05 | C6: Product15 | D6: 15.72 | E6: 2 | F6: =InputData[[#This Row],[UNIT PRICE ($)]]*InputData[[#This Row],[QUANTITY]] -> 31.44 | G6: =VLOOKUP(InputData[[#This Row],[CUSTOMER NAME]],Country[#All],2,0) -> India | H6: =VLOOKUP(InputData[[#This Row],[CUSTOMER NAME]],Country[#All],3,0) -> Northeast | I6: =TEXT(InputData[[#This Row],[DATE]],"MMM") -> Jan | J6: =WEEKNUM(InputData[[#This Row],[DATE]]) -> 1
A7: 44198 | B7: Customer35 | C7: Product10 | D7: 164.28 | E7: 7 | F7: =InputData[[#This Row],[UNIT PRICE ($)]]*InputData[[#This Row],[QUANTITY]] -> 1149.96 | G7: =VLOOKUP(InputData[[#This Row],[CUSTOMER NAME]],Country[#All],2,0) -> India | H7: =VLOOKUP(InputData[[#This Row],[CUSTOMER NAME]],Country[#All],3,0) -> North | I7: =TEXT(InputData[[#This Row],[DATE]],"MMM") -> Jan | J7: =WEEKNUM(InputData[[#This Row],[DATE]]) -> 1
A8: 44198 | B8: Customer38 | C8: Product13 | D8: 122.08 | E8: 6 | F8: =InputData[[#This Row],[UNIT PRICE ($)]]*InputData[[#This Row],[QUANTITY]] -> 732.48 | G8: =VLOOKUP(InputData[[#This Row],[CUSTOMER NAME]],Country[#All],2,0) -> India | H8: =VLOOKUP(InputData[[#This Row],[CUSTOMER NAME]],Country[#All],3,0) -> Northeast | I8: =TEXT(InputData[[#This Row],[DATE]],"MMM") -> Jan | J8: =WEEKNUM(InputData[[#This Row],[DATE]]) -> 1
A9: 44198 | B9: Customer39 | C9: Product15 | D9: 15.72 | E9: 25 | F9: =InputData[[#This Row],[UNIT PRICE ($)]]*InputData[[#This Row],[QUANTITY]] -> 393 | G9: =VLOOKUP(InputData[[#This Row],[CUSTOMER NAME]],Country[#All],2,0) -> Germany | H9: =VLOOKUP(InputData[[#This Row],[CUSTOMER NAME]],Country[#All],3,0) -> Export | I9: =TEXT(InputData[[#This Row],[DATE]],"MMM") -> Jan | J9: =WEEKNUM(InputData[[#This Row],[DATE]]) -> 1
A10: 44199 | B10: Customer34 | C10: Product14 | D10: 146.72 | E10: 21 | F10: =InputData[[#This Row],[UNIT PRICE ($)]]*InputData[[#This Row],[QUANTITY]] -> 3081.12 | G10: =VLOOKUP(InputData[[#This Row],[CUSTOMER NAME]],Country[#All],2,0) -> India | H10: =VLOOKUP(InputData[[#This Row],[CUSTOMER NAME]],Country[#All],3,0) -> Northeast | I10: =TEXT(InputData[[#This Row],[DATE]],"MMM") -> Jan | J10: =WEEKNUM(InputData[[#This Row],[DATE]]) -> 2
A11: 44199 | B11: Customer18 | C11: Product43 | D11: 83.08 | E11: 9 | F11: =InputData[[#This Row],[UNIT PRICE ($)]]*InputData[[#This Row],[QUANTITY]] -> 747.72 | G11: =VLOOKUP(InputData[[#This Row],[CUSTOMER NAME]],Country[#All],2,0) -> India | H11: =VLOOKUP(InputData[[#This Row],[CUSTOMER NAME]],Country[#All],3,0) -> Western | I11: =TEXT(InputData[[#This Row],[DATE]],"MMM") -> Jan | J11: =WEEKNUM(InputData[[#This Row],[DATE]]) -> 2
A12: 44199 | B12: Customer20 | C12: Product38 | D12: 79.92 | E12: 31 | F12: =InputData[[#This Row],[UNIT PRICE ($)]]*InputData[[#This Row],[QUANTITY]] -> 2477.52 | G12: =VLOOKUP(InputData[[#This Row],[CUSTOMER NAME]],Country[#All],2,0) -> United Kingdom | H12: =VLOOKUP(InputData[[#This Row],[CUSTOMER NAME]],Country[#All],3,0) -> Export | I12: =TEXT(InputData[[#This Row],[DATE]],"MMM") -> Jan | J12: =WEEKNUM(InputData[[#This Row],[DATE]]) -> 2
A13: 44199 | B13: Customer37 | C13: Product04 | D13: 48.84 | E13: 5 | F13: =InputData[[#This Row],[UNIT PRICE ($)]]*InputData[[#This Row],[QUANTITY]] -> 244.2 | G13: =VLOOKUP(InputData[[#This Row],[CUSTOMER NAME]],Country[#All],2,0) -> United States of America | H13: =VLOOKUP(InputData[[#This Row],[CUSTOMER NAME]],Country[#All],3,0) -> Export | I13: =TEXT(InputData[[#This Row],[DATE]],"MMM") -> Jan | J13: =WEEKNUM(InputData[[#This Row],[DATE]]) -> 2
... A833: 44561 | B833: Customer18 | C833: Product33 | D833: 119.7 | E833: 12 | F833: =InputData[[#This Row],[UNIT PRICE ($)]]*InputData[[#This Row],[QUANTITY]] -> 1436.4 | G833: =VLOOKUP(InputData[[#This Row],[CUSTOMER NAME]],Country[#All],2,0) -> India | H833: =VLOOKUP(InputData[[#This Row],[CUSTOMER NAME]],Country[#All],3,0) -> Western | I833: =TEXT(InputData[[#This Row],[DATE]],"MMM") -> Dec | J833: =WEEKNUM(InputData[[#This Row],[DATE]]) -> 53

Sheet Target
A1: Month | B1: Month Name | C1: Target ($) | D1: Actual | E1: Below | F1: Actual2
A2: 1 | B2: Jan | C2: 90000 | D2: =VLOOKUP(TargetData[[#This Row],[Month Name]],'Analysis Sheet'!C2:D14,2,0) -> 92118.79 | E2: =IF(TargetData[[#This Row],[Actual]]<TargetData[[#This Row],[Target ($)]],TargetData[[#This Row],[Actual]],NA()) -> #N/A | F2: =IF(TargetData[[#This Row],[Actual]]>TargetData[[#This Row],[Target ($)]],TargetData[[#This Row],[Actual]],NA()) -> 92118.79
A3: 2 | B3: Feb | C3: 100000 | D3: =VLOOKUP(TargetData[[#This Row],[Month Name]],'Analysis Sheet'!C3:D15,2,0) -> 91137.05 | E3: =IF(TargetData[[#This Row],[Actual]]<TargetData[[#This Row],[Target ($)]],TargetData[[#This Row],[Actual]],NA()) -> 91137.05 | F3: =IF(TargetData[[#This Row],[Actual]]>TargetData[[#This Row],[Target ($)]],TargetData[[#This Row],[Actual]],NA()) -> #N/A
A4: 3 | B4: Mar | C4: 100000 | D4: =VLOOKUP(TargetData[[#This Row],[Month Name]],'Analysis Sheet'!C4:D16,2,0) -> 97920.72 | E4: =IF(TargetData[[#This Row],[Actual]]<TargetData[[#This Row],[Target ($)]],TargetData[[#This Row],[Actual]],NA()) -> 97920.72 | F4: =IF(TargetData[[#This Row],[Actual]]>TargetData[[#This Row],[Target ($)]],TargetData[[#This Row],[Actual]],NA()) -> #N/A
A5: 4 | B5: Apr | C5: 100000 | D5: =VLOOKUP(TargetData[[#This Row],[Month Name]],'Analysis Sheet'!C5:D17,2,0) -> 72320.89 | E5: =IF(TargetData[[#This Row],[Actual]]<TargetData[[#This Row],[Target ($)]],TargetData[[#This Row],[Actual]],NA()) -> 72320.89 | F5: =IF(TargetData[[#This Row],[Actual]]>TargetData[[#This Row],[Target ($)]],TargetData[[#This Row],[Actual]],NA()) -> #N/A
A6: 5 | B6: May | C6: 90000 | D6: =VLOOKUP(TargetData[[#This Row],[Month Name]],'Analysis Sheet'!C6:D18,2,0) -> 70511.76 | E6: =IF(TargetData[[#This Row],[Actual]]<TargetData[[#This Row],[Target ($)]],TargetData[[#This Row],[Actual]],NA()) -> 70511.76 | F6: =IF(TargetData[[#This Row],[Actual]]>TargetData[[#This Row],[Target ($)]],TargetData[[#This Row],[Actual]],NA()) -> #N/A
A7: 6 | B7: Jun | C7: 90000 | D7: =VLOOKUP(TargetData[[#This Row],[Month Name]],'Analysis Sheet'!C7:D19,2,0) -> 66727.4 | E7: =IF(TargetData[[#This Row],[Actual]]<TargetData[[#This Row],[Target ($)]],TargetData[[#This Row],[Actual]],NA()) -> 66727.4 | F7: =IF(TargetData[[#This Row],[Actual]]>TargetData[[#This Row],[Target ($)]],TargetData[[#This Row],[Actual]],NA()) -> #N/A
A8: 7 | B8: Jul | C8: 90000 | D8: =VLOOKUP(TargetData[[#This Row],[Month Name]],'Analysis Sheet'!C8:D20,2,0) -> 92661.55 | E8: =IF(TargetData[[#This Row],[Actual]]<TargetData[[#This Row],[Target ($)]],TargetData[[#This Row],[Actual]],NA()) -> #N/A | F8: =IF(TargetData[[#This Row],[Actual]]>TargetData[[#This Row],[Target ($)]],TargetData[[#This Row],[Actual]],NA()) -> 92661.55
A9: 8 | B9: Aug | C9: 90000 | D9: =VLOOKUP(TargetData[[#This Row],[Month Name]],'Analysis Sheet'!C9:D21,2,0) -> 69125.75 | E9: =IF(TargetData[[#This Row],[Actual]]<TargetData[[#This Row],[Target ($)]],TargetData[[#This Row],[Actual]],NA()) -> 69125.75 | F9: =IF(TargetData[[#This Row],[Actual]]>TargetData[[#This Row],[Target ($)]],TargetData[[#This Row],[Actual]],NA()) -> #N/A
A10: 9 | B10: Sep | C10: 90000 | D10: =VLOOKUP(TargetData[[#This Row],[Month Name]],'Analysis Sheet'!C10:D22,2,0) -> 78253.53 | E10: =IF(TargetData[[#This Row],[Actual]]<TargetData[[#This Row],[Target ($)]],TargetData[[#This Row],[Actual]],NA()) -> 78253.53 | F10: =IF(TargetData[[#This Row],[Actual]]>TargetData[[#This Row],[Target ($)]],TargetData[[#This Row],[Actual]],NA()) -> #N/A
A11: 10 | B11: Oct | C11: 80000 | D11: =VLOOKUP(TargetData[[#This Row],[Month Name]],'Analysis Sheet'!C11:D23,2,0) -> 87136.37 | E11: =IF(TargetData[[#This Row],[Actual]]<TargetData[[#This Row],[Target ($)]],TargetData[[#This Row],[Actual]],NA()) -> #N/A | F11: =IF(TargetData[[#This Row],[Actual]]>TargetData[[#This Row],[Target ($)]],TargetData[[#This Row],[Actual]],NA()) -> 87136.37
A12: 11 | B12: Nov | C12: 80000 | D12: =VLOOKUP(TargetData[[#This Row],[Month Name]],'Analysis Sheet'!C12:D24,2,0) -> 75659.86 | E12: =IF(TargetData[[#This Row],[Actual]]<TargetData[[#This Row],[Target ($)]],TargetData[[#This Row],[Actual]],NA()) -> 75659.86 | F12: =IF(TargetData[[#This Row],[Actual]]>TargetData[[#This Row],[Target ($)]],TargetData[[#This Row],[Actual]],NA()) -> #N/A
A13: 12 | B13: Dec | C13: 80000 | D13: =VLOOKUP(TargetData[[#This Row],[Month Name]],'Analysis Sheet'!C13:D25,2,0) -> 90997.39 | E13: =IF(TargetData[[#This Row],[Actual]]<TargetData[[#This Row],[Target ($)]],TargetData[[#This Row],[Actual]],NA()) -> #N/A | F13: =IF(TargetData[[#This Row],[Actual]]>TargetData[[#This Row],[Target ($)]],TargetData[[#This Row],[Actual]],NA()) -> 90997.39

Sheet Customer
A1: Customer Name | B1: Country | C1: Region
A2: Customer01 | B2: Nigeria | C2: Export
A3: Customer02 | B3: Bangladesh | C3: Export
A4: Customer03 | B4: India | C4: Northeast
A5: Customer04 | B5: Saudi Arabia | C5: Export
A6: Customer05 | B6: India | C6: Northeast
A7: Customer06 | B7: Pakistan | C7: Export
A8: Customer07 | B8: Indonesia | C8: Export
A9: Customer08 | B9: United Kingdom | C9: Export
A10: Customer09 | B10: Russia | C10: Export
A11: Customer10 | B11: India | C11: South
A12: Customer11 | B12: Mexico | C12: Export
... A41: Customer40 | B41: United States of America | C41: Export

Sheet Analysis Sheet
A2: Sum of Actual Column | C2: Row Labels | D2: Sum of Actual Column | F2: Row Labels | G2: Sum of Actual Column | I2: Row Labels | J2: Sum of Actual Column | L2: Row Labels | M2: Sum of Actual Column | O2: Row Labels | P2: Sum of Actual Column | R2: Row Labels | S2: Sum of Actual Column
A3: 984571.06 | C3: Jan | D3: 92118.79 | F3: 1 | G3: 5179.59 | I3: Customer33 | J3: 60929.15 | L3: Product05 | M3: 38591.28 | O3: Central | P3: 72920.48 | R3: Bangladesh | S3: 31336.23 | U3: =R3 -> Bangladesh | V3: =GETPIVOTDATA("Actual Column",$R$2,"Country","Bangladesh") -> 31336.23
C4: Feb | D4: 91137.05 | F4: 2 | G4: 21116.73 | I4: Customer22 | J4: 45112.95 | L4: Product10 | M4: 34991.64 | O4: East | P4: 75939.73 | R4: Brazil | S4: 39438.44 | U4: =R4 -> Brazil | V4: =GETPIVOTDATA("Actual Column",$R$2,"Country","Bangladesh") -> 31336.23
C5: Mar | D5: 97920.72 | F5: 3 | G5: 14261.19 | I5: Customer23 | J5: 43062.83 | L5: Product19 | M5: 41580 | O5: Export | P5: 531575.62 | R5: Ethiopia | S5: 39653.93 | U5: =R5 -> Ethiopia | V5: =GETPIVOTDATA("Actual Column",$R$2,"Country","Bangladesh") -> 31336.23
C6: Apr | D6: 72320.89 | F6: 4 | G6: 11433.2 | L6: Product21 | M6: 39659.76 | O6: North | P6: 45081.78 | R6: France | S6: 14337.4 | U6: =R6 -> France | V6: =GETPIVOTDATA("Actual Column",$R$2,"Country","Bangladesh") -> 31336.23
C7: May | D7: 70511.76 | F7: 5 | G7: 33727.55 | L7: Product22 | M7: 41055.3 | O7: Northeast | P7: 83994.49 | R7: Germany | S7: 16810.72 | U7: =R7 -> Germany | V7: =GETPIVOTDATA("Actual Column",$R$2,"Country","Bangladesh") -> 31336.23
C8: Jun | D8: 66727.4 | F8: 6 | G8: 34794.82 | I8: =I3 -> Customer33 | J8: =GETPIVOTDATA("Actual Column",$I$2,"CUSTOMER NAME",I8) -> 60929.15 | L8: Product24 | M8: 49599.36 | O8: South | P8: 53277.57 | R8: India | S8: 452995.44 | U8: =R8 -> India | V8: =GETPIVOTDATA("Actual Column",$R$2,"Country","Bangladesh") -> 31336.23
C9: Jul | D9: 92661.55 | F9: 7 | G9: 32107.1 | I9: =I4 -> Customer22 | J9: =GETPIVOTDATA("Actual Column",$I$2,"CUSTOMER NAME",I9) -> 45112.95 | L9: Product30 | M9: 57968.64 | O9: Western | P9: 121781.39 | R9: Indonesia | S9: 8394.32 | U9: =R9 -> Indonesia | V9: =GETPIVOTDATA("Actual Column",$R$2,"Country","Bangladesh") -> 31336.23
C10: Aug | D10: 69125.75 | F10: 8 | G10: 11777.67 | I10: =I5 -> Customer23 | J10: =GETPIVOTDATA("Actual Column",$I$2,"CUSTOMER NAME",I10) -> 43062.83 | L10: Product32 | M10: 40883.04 | R10: Mexico | S10: 65776.76 | U10: =R10 -> Mexico | V10: =GETPIVOTDATA("Actual Column",$R$2,"Country","Bangladesh") -> 31336.23
C11: Sep | D11: 78253.53 | F11: 9 | G11: 17571.59 | L11: Product41 | M11: 57554.28 | R11: Nigeria | S11: 39993.27 | U11: =R11 -> Nigeria | V11: =GETPIVOTDATA("Actual Column",$R$2,"Country","Bangladesh") -> 31336.23
C12: Oct | D12: 87136.37 | F12: 10 | G12: 17413.3 | L12: Product42 | M12: 38232 | R12: Pakistan | S12: 77523.28 | U12: =R12 -> Pakistan | V12: =GETPIVOTDATA("Actual Column",$R$2,"Country","Bangladesh") -> 31336.23
C13: Nov | D13: 75659.86 | F13: 11 | G13: 18811.39 | R13: Russia | S13: 63344.34 | U13: =R13 -> Russia | V13: =GETPIVOTDATA("Actual Column",$R$2,"Country","Bangladesh") -> 31336.23
C14: Dec | D14: 90997.39 | F14: 12 | G14: 29446.46 | R14: Saudi Arabia | S14: 38317.79 | U14: =R14 -> Saudi Arabia | V14: =GETPIVOTDATA("Actual Column",$R$2,"Country","Bangladesh") -> 31336.23
F15: 13 | G15: 22723.6 | R15: South Africa | S15: 32808.02 | U15: =R15 -> South Africa | V15: =GETPIVOTDATA("Actual Column",$R$2,"Country","Bangladesh") -> 31336.23
F16: 14 | G16: 13729.81 | R16: United Kingdom | S16: 50749.04 | U16: =R16 -> United Kingdom | V16: =GETPIVOTDATA("Actual Column",$R$2,"Country","Bangladesh") -> 31336.23
F17: 15 | G17: 27820.09 | R17: United States of America | S17: 13092.08 | U17: =R17 -> United States of America | V17: =GETPIVOTDATA("Actual Column",$R$2,"Country","Bangladesh") -> 31336.23
F18: 16 | G18: 9407.51
F19: 17 | G19: 22127.3
F20: 18 | G20: 11809.4
F21: 19 | G21: 12750.54
F22: 20 | G22: 19691.76
F23: 21 | G23: 19171.71
F24: 22 | G24: 11617.86
F25: 23 | G25: 17000.62
F26: 24 | G26: 15273.35
F27: 25 | G27: 23043.47
F28: 26 | G28: 13593.79
F29: 27 | G29: 13197.89
... F55: 53 | G55: 27195.9

Sheet Dashboard
